url,likeNum
http://www.jianshu.com/p/a233e5d10c80,19
http://www.jianshu.com/p/73b9e77fbae3,1
http://www.jianshu.com/p/6f19d663ce90,0
http://www.jianshu.com/p/0d532effde79,0
http://www.jianshu.com/p/a58d15ef5c8b,1
http://www.jianshu.com/p/ad491e073e4a,0
http://www.jianshu.com/p/c684c0362986,0
http://www.jianshu.com/p/73c54348374c,0
http://www.jianshu.com/p/0ea66783fbef,2
http://www.jianshu.com/p/39449bcf9c28,0
http://www.jianshu.com/p/ff8e63c7c02c,0
http://www.jianshu.com/p/b0dc04c927f1,0
http://www.jianshu.com/p/519551b6b5ab,0
http://www.jianshu.com/p/7b152f2d4b50,1
http://www.jianshu.com/p/ee5432e57dd3,0
http://www.jianshu.com/p/592b5002155f,0
http://www.jianshu.com/p/1815b4071362,1
http://www.jianshu.com/p/baae76620232,1
http://www.jianshu.com/p/ec7ef24563bf,0
http://www.jianshu.com/p/84c10f2cf100,0
